{"gridSize":23,"offsetX":23.39999999999958,"offsetY":17.837499999999636,"calibrated":true}